Id,Nombre,Apellidos,Email,Contraseña,Id_Especialidad,Telefono,Fecha_Registro,Id_Alta_Medico,Num_Cedula,Calle,Colonia,Numero,Ciudad,Pais,Codigo_Postal,Honorarios
1,Andrés,Hernández,Andres98@gmail.com,Pass1234,5,4771475631,2023-05-15,1,MEDICO98765,Reforma,Centro,123,LEON,MEXICO,37000,750
2,Valeria,González,Valeria99@gmail.com,SecurePwd1,8,4791613236,2023-06-20,1,MEDICO87654,Independencia,Centro,456,LEON,MEXICO,37100,600
3,Luis,Flores,Luis97@gmail.com,Password567,12,4771478901,2023-07-10,1,MEDICO76543,Juárez,Nueva,789,LEON,MEXICO,37050,800
4,Sofía,Martínez,Sofia96@gmail.com,StrongPass2,3,4791616543,2023-08-05,1,MEDICO65432,Madero,Nueva,234,LEON,MEXICO,37150,950
5,José,Jiménez,Jose95@gmail.com,Password@!23,10,4771479876,2023-09-12,1,MEDICO54321,Revolución,Centro,567,LEON,MEXICO,37070,700
6,Ana,Rodríguez,Ana94@gmail.com,Secret123$,6,4791619876,2023-10-25,1,MEDICO43210,Morelos,Centro,890,LEON,MEXICO,37170,750
7,Diego,Herrera,Diego93@gmail.com,D1fficultPwd,9,4771477654,2023-11-18,1,MEDICO32109,Benito Juárez,Independencia,123,LEON,MEXICO,37020,850
8,María,Sánchez,Maria92@gmail.com,Pa55word!,4,4791618765,2023-12-03,1,MEDICO21098,Allende,Centro,456,LEON,MEXICO,37120,600
9,Pablo,Gómez,Pablo91@gmail.com,SecurePwd$1,13,4771476543,2023-01-07,1,MEDICO10987,Hidalgo,Centro,789,LEON,MEXICO,37030,750
10,Fernanda,Pérez,Fernanda90@gmail.com,StrongPassword1,7,4791615432,2023-02-14,1,MEDICO09876,Carranza,Nueva,234,LEON,MEXICO,37130,950
11,Carlos,Ramírez,Carlos89@gmail.com,Password123!,11,4771474321,2023-03-21,1,MEDICO98765,Galeana,Independencia,567,LEON,MEXICO,37040,700
12,Isabela,Torres,Isabela88@gmail.com,Secret1234,14,4791613210,2023-04-28,1,MEDICO87654,Morales,Centro,890,LEON,MEXICO,37140,750
13,Juan,Hernández,Juan87@gmail.com,Passw0rd!,1,4771472109,2023-05-01,1,MEDICO76543,Aldama,Nueva,123,LEON,MEXICO,37010,750
14,Diana,González,Diana86@gmail.com,Secure123,15,4791610987,2023-06-09,1,MEDICO65432,Ocampo,Independencia,456,LEON,MEXICO,37110,600
15,Alejandro,Flores,Alejandro85@gmail.com,Password987,2,4771479876,2023-07-16,1,MEDICO54321,San Juan,Centro,789,LEON,MEXICO,37060,800
16,Valentina,Martínez,Valentina84@gmail.com,StrongPwd12,5,4791618765,2023-08-23,1,MEDICO43210,Morazán,Centro,234,LEON,MEXICO,37160,950
17,Rodrigo,Jiménez,Rodrigo83@gmail.com,D1fficultPwd$,8,4771477654,2023-09-30,1,MEDICO32109,Victoria,Independencia,567,LEON,MEXICO,37080,600
18,Sara,Rodríguez,Sara82@gmail.com,Pa$$w0rd!,12,4791616543,2023-10-07,1,MEDICO21098,Campos,Nueva,890,LEON,MEXICO,37180,850
19,Lucas,Herrera,Lucas81@gmail.com,SecurePa$$,3,4771475432,2023-11-14,1,MEDICO10987,Morelos,Centro,123,LEON,MEXICO,37090,750
20,Emma,Sánchez,Emma80@gmail.com,StrongPwd!1,6,4791614321,2023-12-21,1,MEDICO09876,Guzmán,Centro,456,LEON,MEXICO,37190,750
21,Martín,Gómez,Martin79@gmail.com,Password@123,10,4771473210,2023-01-28,1,MEDICO98765,Cedros,Independencia,789,LEON,MEXICO,37000,700
22,Julia,Pérez,Julia78@gmail.com,Secret!23,13,4791612109,2023-02-04,1,MEDICO87654,Manzano,Nueva,234,LEON,MEXICO,37100,750
23,Mateo,Ramírez,Mateo77@gmail.com,Passw0rd@!,7,4771470987,2023-03-13,1,MEDICO76543,Pinos,Centro,567,LEON,MEXICO,37050,750
24,Luciana,Torres,Luciana76@gmail.com,Secure12$,14,4791619876,2023-04-20,1,MEDICO65432,Palmas,Independencia,890,LEON,MEXICO,37150,600
25,Manuel,Hernández,Manuel75@gmail.com,Password$123,1,4771478765,2023-05-27,1,MEDICO54321,Robles,Centro,123,LEON,MEXICO,37070,750
26,Camila,González,Camila74@gmail.com,Strong@Pwd,15,4791617654,2023-06-03,1,MEDICO43210,Américas,Centro,456,LEON,MEXICO,37160,800
27,Javier,Flores,Javier73@gmail.com,Javier73@gmail.com,4,4771476543,2023-07-10,1,MEDICO32109,Fresnos,Nueva,789,LEON,MEXICO,37080,950
28,Daniela,Martínez,Daniela72@gmail.com,Secure1@23,9,4791615432,2023-08-17,1,MEDICO21098,Olivares,Independencia,234,LEON,MEXICO,37170,600
29,Axel,Jiménez,Axel71@gmail.com,Axel71@gmail.com,13,4771474321,2023-09-24,1,MEDICO10987,Nevado,Centro,567,LEON,MEXICO,37090,750
30,Marina,Rodríguez,Marina70@gmail.com,Marina70@gmail.com,2,4791613210,2023-10-01,1,MEDICO09876,Luces,Centro,890,LEON,MEXICO,37180,750
31,Leonardo,Herrera,Leonardo69@gmail.com,Leonardo69@gmail.com,5,4771472109,2023-11-08,1,MEDICO98765,Chapultepec,Independencia,123,LEON,MEXICO,37000,700
32,Victoria,Sánchez,Victoria68@gmail.com,Victoria68@gmail.com,6,4791610987,2023-12-15,1,MEDICO87654,Mártires,Nueva,456,LEON,MEXICO,37190,750
33,Eduardo,Gómez,Eduardo67@gmail.com,Eduardo67@gmail.com,8,4771479876,2023-01-22,1,MEDICO76543,Lago,Centro,789,LEON,MEXICO,37100,750
34,Valeria,Pérez,Valeria66@gmail.com,Valeria66@gmail.com,11,4791618765,2023-02-28,1,MEDICO65432,Álamos,Independencia,234,LEON,MEXICO,37110,600
35,Emilio,Ramírez,Emilio65@gmail.com,Emilio65@gmail.com,12,4771477654,2023-04-07,1,MEDICO54321,Encino,Nueva,567,LEON,MEXICO,37120,800
36,Diana,Torres,Diana64@gmail.com,Diana64@gmail.com,15,4791616543,2023-05-14,1,MEDICO43210,Peña,Centro,890,LEON,MEXICO,37130,950
37,Roberto,Hernández,Roberto63@gmail.com,Roberto63@gmail.com,1,4771475432,2023-06-21,1,MEDICO32109,Aguilar,Independencia,123,LEON,MEXICO,37140,700
38,Isabela,González,Isabela62@gmail.com,Isabela62@gmail.com,3,4791614321,2023-07-28,1,MEDICO21098,Ávila,Centro,456,LEON,MEXICO,37150,750
39,Carlos,Flores,Carlos61@gmail.com,Carlos61@gmail.com,4,4771473210,2023-09-04,1,MEDICO10987,San José,Centro,789,LEON,MEXICO,37160,750
40,Ana,Martínez,Ana60@gmail.com,Ana60@gmail.com,7,4791612109,2023-10-11,1,MEDICO09876,Pedregal,Independencia,234,LEON,MEXICO,37170,600
41,Juan,Jiménez,Juan59@gmail.com,Juan59@gmail.com,9,4771470987,2023-11-18,1,MEDICO98765,Salinas,Nueva,567,LEON,MEXICO,37180,750
42,Laura,Rodríguez,Laura58@gmail.com,Laura58@gmail.com,10,4791619876,2023-12-26,1,MEDICO87654,Palacio,Centro,890,LEON,MEXICO,37190,750
43,Pedro,Herrera,Pedro57@gmail.com,Pedro57@gmail.com,11,4771478765,2023-01-02,1,MEDICO76543,Chavez,Independencia,123,LEON,MEXICO,37000,700
44,Mariana,Sánchez,Mariana56@gmail.com,Mariana56@gmail.com,13,4791617654,2023-02-09,1,MEDICO65432,Santa Maria,Centro,456,LEON,MEXICO,37010,800
45,Santiago,Gómez,Santiago55@gmail.com,Santiago55@gmail.com,14,4771476543,2023-03-18,1,MEDICO54321,Encinos,Independencia,789,LEON,MEXICO,37020,950
46,Valentina,Pérez,Valentina54@gmail.com,Valentina54@gmail.com,15,4791615432,2023-04-25,1,MEDICO43210,El Bosque,Centro,234,LEON,MEXICO,37030,700
47,Luis,Ramírez,Luis53@gmail.com,Luis53@gmail.com,1,4771474321,2023-06-01,1,MEDICO32109,Maestranza,Independencia,567,LEON,MEXICO,37040,750
48,Fernanda,Torres,Fernanda52@gmail.com,Fernanda52@gmail.com,2,4791613210,2023-07-08,1,MEDICO21098,Real de Minas,Centro,890,LEON,MEXICO,37050,750
49,Daniel,Hernández,Daniel51@gmail.com,Daniel51@gmail.com,3,4771472109,2023-08-15,1,MEDICO10987,La Luz,Centro,123,LEON,MEXICO,37060,600
50,Ana,González,Ana50@gmail.com,Ana50@gmail.com,4,4791610987,2023-09-22,1,MEDICO09876,Los Pinos,Independencia,456,LEON,MEXICO,37070,750
51,Emilio,Flores,Emilio49@gmail.com,Emilio49@gmail.com,5,4771479876,2023-10-29,1,MEDICO98765,La Presa,Centro,789,LEON,MEXICO,37080,750
52,Lucía,Martínez,Lucia48@gmail.com,Lucia48@gmail.com,6,4791618765,2023-12-05,1,MEDICO87654,El Rosario,Independencia,234,LEON,MEXICO,37090,700
53,Juan,Hernández,Juan47@gmail.com,Juan47@gmail.com,7,4771477654,2023-01-12,1,MEDICO76543,Del Valle,Centro,567,LEON,MEXICO,37100,800
54,María,Gómez,Maria46@gmail.com,Maria46@gmail.com,8,4791616543,2023-02-19,1,MEDICO65432,La Palma,Independencia,890,LEON,MEXICO,37110,950
55,Pablo,Pérez,Pablo45@gmail.com,Pablo45@gmail.com,9,4771475432,2023-03-28,1,MEDICO54321,El Carmen,Centro,123,LEON,MEXICO,37120,700
56,Sofía,Ramírez,Sofia44@gmail.com,Sofia44@gmail.com,10,4791614321,2023-05-05,1,MEDICO43210,San Francisco,Independencia,456,LEON,MEXICO,37130,750
57,Alejandro,Torres,Alejandro43@gmail.com,Alejandro43@gmail.com,11,4771473210,2023-06-12,1,MEDICO32109,La Hacienda,Centro,789,LEON,MEXICO,37140,750
58,Valeria,Hernández,Valeria42@gmail.com,Valeria42@gmail.com,12,4791612109,2023-07-19,1,MEDICO21098,La Sierra,Independencia,234,LEON,MEXICO,37150,600
59,José,González,Jose41@gmail.com,Jose41@gmail.com,13,4771470987,2023-08-26,1,MEDICO10987,San Pedro,Centro,567,LEON,MEXICO,37160,750
60,Ana,Flores,Ana40@gmail.com,Ana40@gmail.com,14,4791619876,2023-10-02,1,MEDICO09876,La Cañada,Independencia,890,LEON,MEXICO,37170,750
61,Carlos,Martínez,Carlos39@gmail.com,Carlos39@gmail.com,15,4771478765,2023-11-09,1,MEDICO98765,La Concordia,Centro,123,LEON,MEXICO,37180,700
62,Isabela,Pérez,Isabela38@gmail.com,Isabela38@gmail.com,1,4791617654,2023-12-16,1,MEDICO87654,San Andrés,Independencia,456,LEON,MEXICO,37190,800
63,José,Ramírez,Jose37@gmail.com,Jose37@gmail.com,2,4771476543,2023-01-23,1,MEDICO76543,La Loma,Centro,789,LEON,MEXICO,37000,950
64,Sofía,Torres,Sofia36@gmail.com,Sofia36@gmail.com,3,4791615432,2023-03-02,1,MEDICO65432,El Molino,Independencia,234,LEON,MEXICO,37010,700
65,Diego,Hernández,Diego35@gmail.com,Diego35@gmail.com,4,4771474321,2023-04-10,1,MEDICO54321,La Escondida,Centro,567,LEON,MEXICO,37020,750
66,Valentina,González,Valentina34@gmail.com,Valentina34@gmail.com,5,4791613210,2023-05-17,1,MEDICO43210,Santa Clara,Independencia,890,LEON,MEXICO,37030,750
67,Lucas,Flores,Lucas33@gmail.com,Lucas33@gmail.com,6,4771472109,2023-06-24,1,MEDICO32109,La Candelaria,Centro,123,LEON,MEXICO,37040,600
68,Emma,Martínez,Emma32@gmail.com,Emma32@gmail.com,7,4791610987,2023-08-01,1,MEDICO21098,La Fortuna,Independencia,456,LEON,MEXICO,37050,750
69,Mariana,Jiménez,Mariana31@gmail.com,Mariana31@gmail.com,8,4771479876,2023-09-08,1,MEDICO10987,El Parque,Centro,789,LEON,MEXICO,37060,750
70,Leonardo,Rodríguez,Leonardo30@gmail.com,Leonardo30@gmail.com,9,4791618765,2023-10-15,1,MEDICO09876,El Oasis,Independencia,234,LEON,MEXICO,37070,700
71,Victoria,Herrera,Victoria29@gmail.com,Victoria29@gmail.com,10,4771477654,2023-11-22,1,MEDICO98765,La Providencia,Centro,567,LEON,MEXICO,37080,800
72,Eduardo,Sánchez,Eduardo28@gmail.com,Eduardo28@gmail.com,11,4791616543,2023-12-30,1,MEDICO87654,La Joya,Independencia,890,LEON,MEXICO,37090,950
73,Valeria,Gómez,Valeria27@gmail.com,Valeria27@gmail.com,12,4771475432,2023-01-06,1,MEDICO76543,La Palmita,Centro,123,LEON,MEXICO,37100,700
74,Emilio,Pérez,Emilio26@gmail.com,Emilio26@gmail.com,13,4791614321,2023-02-13,1,MEDICO65432,El Árbol,Independencia,456,LEON,MEXICO,37110,750
75,Lucía,Ramírez,Lucia25@gmail.com,Lucia25@gmail.com,14,4771473210,2023-03-22,1,MEDICO54321,La Cañada,Independencia,789,LEON,MEXICO,37120,750
76,Juan,Torres,Juan24@gmail.com,Juan24@gmail.com,15,4791612109,2023-04-29,1,MEDICO43210,El Pueblo,Independencia,234,LEON,MEXICO,37130,600
77,María,Hernández,Maria23@gmail.com,Maria23@gmail.com,1,4771470987,2023-06-05,1,MEDICO32109,El Refugio,Independencia,567,LEON,MEXICO,37140,750
78,Pablo,González,Pablo22@gmail.com,Pablo22@gmail.com,2,4791619876,2023-07-12,1,MEDICO21098,La Cuesta,Independencia,890,LEON,MEXICO,37150,750
79,Ana,Flores,Ana21@gmail.com,Ana21@gmail.com,3,4771478765,2023-08-19,1,MEDICO10987,La Soledad,Independencia,123,LEON,MEXICO,37160,700
80,Carlos,Martínez,Carlos20@gmail.com,Carlos20@gmail.com,4,4791617654,2023-09-26,1,MEDICO09876,La Laguna,Independencia,456,LEON,MEXICO,37170,800
81,Isabela,Pérez,Isabela19@gmail.com,Isabela19@gmail.com,5,4771476543,2023-11-03,1,MEDICO98765,La Paz,Independencia,789,LEON,MEXICO,37180,950
82,José,Ramírez,Jose18@gmail.com,Jose18@gmail.com,6,4791615432,2023-12-10,1,MEDICO87654,La Huerta,Independencia,234,LEON,MEXICO,37190,700
83,Sofía,Torres,Sofia17@gmail.com,Sofia17@gmail.com,7,4771474321,2024-01-17,1,MEDICO76543,El Rosal,Independencia,567,LEON,MEXICO,37000,750
84,Diego,Hernández,Diego16@gmail.com,Diego16@gmail.com,8,4791613210,2024-02-24,1,MEDICO65432,El Arenal,Independencia,890,LEON,MEXICO,37010,750
85,Valentina,González,Valentina15@gmail.com,Valentina15@gmail.com,9,4771472109,2024-04-02,1,MEDICO54321,El Vergel,Independencia,123,LEON,MEXICO,37020,600
86,Lucas,Flores,Lucas14@gmail.com,Lucas14@gmail.com,10,4791610987,2024-05-09,1,MEDICO43210,La Rinconada,Independencia,456,LEON,MEXICO,37030,750
87,Emma,Martínez,Emma13@gmail.com,Emma13@gmail.com,11,4771479876,2024-06-16,1,MEDICO32109,El Ensueño,Independencia,789,LEON,MEXICO,37040,750
88,Mariana,Jiménez,Mariana12@gmail.com,Mariana12@gmail.com,12,4791618765,2024-07-23,1,MEDICO21098,La Colina,Independencia,234,LEON,MEXICO,37050,700
89,Leonardo,Rodríguez,Leonardo11@gmail.com,Leonardo11@gmail.com,13,4771477654,2024-08-30,1,MEDICO10987,El Roble,Independencia,567,LEON,MEXICO,37060,800
90,Victoria,Herrera,Victoria10@gmail.com,Victoria10@gmail.com,14,4791616543,2024-10-06,1,MEDICO09876,La Ladera,Independencia,890,LEON,MEXICO,37070,950
91,Eduardo,Sánchez,Eduardo9@gmail.com,Eduardo9@gmail.com,15,4771475432,2024-11-13,1,MEDICO98765,La Sierra,Independencia,123,LEON,MEXICO,37080,700
92,Valeria,Gómez,Valeria8@gmail.com,Valeria8@gmail.com,1,4791614321,2024-12-20,1,MEDICO87654,La Colina,Independencia,456,LEON,MEXICO,37090,750
93,Emilio,Pérez,Emilio7@gmail.com,Emilio7@gmail.com,2,4771473210,2025-01-27,1,MEDICO76543,La Palma,Independencia,789,LEON,MEXICO,37100,750
94,Lucía,Ramírez,Lucia6@gmail.com,Lucia6@gmail.com,3,4791612109,2025-03-06,1,MEDICO65432,La Piedad,Independencia,234,LEON,MEXICO,37110,600
95,Juan,Torres,Juan5@gmail.com,Juan5@gmail.com,4,4771470987,2025-04-13,1,MEDICO54321,La Perla,Independencia,567,LEON,MEXICO,37120,750
96,María,Hernández,Maria4@gmail.com,Maria4@gmail.com,5,4791619876,2025-05-20,1,MEDICO43210,La Purísima,Independencia,890,LEON,MEXICO,37130,750
97,Pablo,González,Pablo3@gmail.com,Pablo3@gmail.com,6,4771478765,2025-06-27,1,MEDICO32109,La Presa,Independencia,123,LEON,MEXICO,37140,700
98,Ana,Flores,Ana2@gmail.com,Ana2@gmail.com,7,4791617654,2025-08-04,1,MEDICO21098,La Parada,Independencia,456,LEON,MEXICO,37150,800
99,Carlos,Martínez,Carlos1@gmail.com,Carlos1@gmail.com,8,4771476543,2025-09-11,1,MEDICO10987,La Palmita,Independencia,789,LEON,MEXICO,37160,950
100,Isabela,Pérez,Isabela0@gmail.com,Isabela0@gmail.com,9,4791615432,2025-10-18,1,MEDICO09876,La Fortuna,Independencia,234,LEON,MEXICO,37170,700