Id,Nombre,Apellido,Email,Contrasena,Telefono,Fecha_Nacimiento,Sexo,Estatus
1,Emiliano,Hernández,emiliano.hernandez@gmail.com,8j93jkS#9,4771475631,1985-03-12,Hombre,1
2,Valeria,González,valeria.gonzalez@gmail.com,92ls@l33,4791613236,1990-07-28,Mujer,1
3,Alejandro,Rodríguez,alejandro.rodriguez@gmail.com,al3xR&0d,4771948282,1976-11-05,Hombre,1
4,Mariana,Martínez,mariana.martinez@gmail.com,maRt1n3z,4791276543,1989-04-18,Mujer,1
5,José Luis,Pérez,joseluis.perez@gmail.com,0per3s#1,4771764532,1982-09-23,Hombre,1
6,Ana Sofía,Hernández,anasofia.hernandez@gmail.com,aN@3Ofi4,4791312345,1987-06-30,Mujer,1
7,Javier,Gutiérrez,javier.gutierrez@gmail.com,javiG#3r,4771567890,1995-01-14,Hombre,1
8,Sofía,Ramírez,sofia.ramirez@gmail.com,ram1rezS!,4791812345,1993-12-07,Mujer,1
9,Carlos,Sánchez,carlos.sanchez@gmail.com,1c@rl0s,4771543210,1980-08-09,Hombre,1
10,Diana,Flores,diana.flores@gmail.com,Fl0r3sD!4,4791964321,1988-02-16,Mujer,1
11,Jorge,Hernández,jorge.hernandez@gmail.com,j0rg3rN@nd3z,4771777777,1981-05-20,Hombre,1
12,Laura,Gómez,laura.gomez@gmail.com,l@ur@g0mez,4791234567,1991-10-03,Mujer,1
13,Fernando,Díaz,fernando.diaz@gmail.com,F3rD14z#,4771999999,1977-07-07,Hombre,1
14,Paola,Mendoza,paola.mendoza@gmail.com,p@0l@m3nd0z@,4791990000,1994-03-28,Mujer,1
15,Manuel,Álvarez,manuel.alvarez@gmail.com,M@nUeLAlV@ReZ,4771487654,1986-12-15,Hombre,1
16,Isabella,Romero,isabella.romero@gmail.com,1s@b3ll@,4791678901,1997-04-01,Mujer,1
17,Ricardo,Navarro,ricardo.navarro@gmail.com,r1c@rd0n@v@rR0,4771684321,1979-01-30,Hombre,1
18,Valentina,Herrera,valentina.herrera@gmail.com,v@l3nT1n@,4791876543,1984-11-11,Mujer,1
19,Rodrigo,Torres,rodrigo.torres@gmail.com,R0dr1g0t0rr3s,4771912345,1992-08-05,Hombre,1
20,Gabriela,Juárez,gabriela.juarez@gmail.com,g@brI3L@,4791765432,1983-06-19,Mujer,1
21,Diego,Morales,diego.morales@gmail.com,d1Eg0_m0r@l3s,4771666666,1996-03-02,Hombre,1
22,Alicia,Vargas,alicia.vargas@gmail.com,al1c14_v@rg@,4791123456,1988-09-17,Mujer,1
23,Juan,García,juan.garcia@gmail.com,jU@nG@rc1@,4771567890,1978-04-24,Hombre,1
24,Mónica,Rojas,monica.rojas@gmail.com,m0n1c@,4791234567,1993-01-08,Mujer,1
25,Luisa,Fernández,luisa.fernandez@gmail.com,lu1s@f3rn@nd3z,4771789456,1985-07-15,Mujer,1
26,Roberto,Cruz,roberto.cruz@gmail.com,R0B3rT0_,4791911111,1980-02-10,Hombre,1
27,María,Jiménez,maria.jimenez@gmail.com,m@R14jmZ,4771765432,1990-11-05,Mujer,1
28,Francisco,Huerta,francisco.huerta@gmail.com,F@nc1sc0,4791812345,1987-08-22,Hombre,1
29,Andrea,Santos,andrea.santos@gmail.com,@ndre4_s@nt0s,4771678901,1995-05-27,Mujer,1
30,Julián,Ortiz,julian.ortiz@gmail.com,jul14n_0rt1z,4791999999,1981-12-30,Hombre,1
31,Daniela,Mendoza,daniela.mendoza@gmail.com,d@n13L@,4771912345,1992-10-13,Mujer,1
32,Pablo,Martínez,pablo.martinez@gmail.com,p@bl0_00,4791567890,1976-07-18,Hombre,1
33,Estefanía,Rivera,estefania.rivera@gmail.com,3st3f@n1@,4771234567,1991-04-03,Mujer,1
34,Alejandro,González,alejandro.gonzalez@gmail.com,Al3J@NdR0,4791789456,1983-01-26,Hombre,1
35,Ana,López,ana.lopez@gmail.com,4n4_L0p3z,4771678901,1986-08-09,Mujer,1
36,José Eduardo,Rodríguez,joseeduardo.rodriguez@gmail.com,j0s3_3du@rd0,4791812345,1994-05-22,Hombre,1
37,Paulina,Hernández,paulina.hernandez@gmail.com,9P@ul1N@,4771999999,1988-12-05,Mujer,1
38,Rafael,Guzmán,rafael.guzman@gmail.com,R@f43LgUz,4791912345,1982-09-18,Hombre,1
39,Montserrat,Sánchez,montserrat.sanchez@gmail.com,M0nTs3rR@t,4771765432,1997-06-03,Mujer,1
40,Arturo,Díaz,arturo.diaz@gmail.com,ArtUroD1@z,4791678901,1979-03-28,Hombre,1
41,Lucía,Contreras,lucia.contreras@gmail.com,LUC14_c0nTr3r@5,4771666666,1984-10-11,Mujer,1
42,Héctor,Vázquez,hector.vazquez@gmail.com,H3cT0Rv@Z,4791567890,1996-07-24,Hombre,1
43,Carmen,Pérez,carmen.perez@gmail.com,c@rm3N_p3r3z,4771234567,1980-04-17,Mujer,1
44,Alejandro,Mendoza,alejandro.mendoza@gmail.com,A_L3J@nDR0,4791789456,1995-01-30,Hombre,1
45,Ana Sofía,Romero,anasofia.romero@gmail.com,4N@_50F14,4771678901,1983-08-13,Mujer,1
46,José Antonio,Ortega,joseantonio.ortega@gmail.com,J05e_0Rt3g@,4791812345,1992-05-06,Hombre,1
47,Valentina,Medina,valentina.medina@gmail.com,V@l3nT1n@M3d1n@,4771912345,1987-12-29,Mujer,1
48,Diego,Chávez,diego.chavez@gmail.com,D13g0_C@v3Z,4791765432,1981-07-02,Hombre,1
49,María José,Hernández,mariajose.hernandez@gmail.com,m@r14J053,4771678901,1990-04-15,Mujer,1
50,Antonio,Ruiz,antonio.ruiz@gmail.com,@nt0n10_Ru1Z,4791666666,1985-01-18,Hombre,1
51,Fernanda,Acosta,fernanda.acosta@gmail.com,F3Rn@Nd@,4771567890,1993-08-21,Mujer,1
52,Rodrigo,Gómez,rodrigo.gomez@gmail.com,R0dr1g0_G0m3Z,4791234567,1977-05-04,Hombre,1
53,Ana Laura,Jiménez,analaura.jimenez@gmail.com,4N@l4UR@,4771789456,1992-02-27,Mujer,1
54,José Manuel,Mendoza,josemanuel.mendoza@gmail.com,j0s3m@NU3lM3Nd0z@,4791911111,1986-10-10,Hombre,1
55,Adriana,Guerrero,adriana.guerrero@gmail.com,4Dr14n@,4771990000,1991-07-23,Mujer,1
56,Santiago,Silva,santiago.silva@gmail.com,s@Nt14g0,4791812345,1989-04-06,Hombre,1
57,Paula,Rivera,paula.rivera@gmail.com,P@ul@,4771678901,1995-01-29,Mujer,1
58,Joaquín,Peralta,joaquin.peralta@gmail.com,J0@K1N_p3R@L7@,4791912345,1980-08-12,Hombre,1
59,Abril,Molina,abril.molina@gmail.com,@Br1L,4771765432,1997-05-25,Mujer,1
60,Eduardo,Martínez,eduardo.martinez@gmail.com,EdU@Rd0_m@rT1n3Z,4791567890,1982-03-08,Hombre,1
61,Alejandra,León,alejandra.leon@gmail.com,@l3j@ndR@,4771666666,1996-12-20,Mujer,1
62,Miguel Ángel,Reyes,miguelangel.reyes@gmail.com,M1Gu3L@,4791234567,1978-09-13,Hombre,1
63,Andrea,Álvarez,andrea.alvarez@gmail.com,@ndR34_@lV@r3z,4771789456,1993-06-26,Mujer,1
64,Javier,Herrera,javier.herrera@gmail.com,J@v13r_H3rr3r@,4791911111,1987-03-09,Hombre,1
65,Sara,Morales,sara.morales@gmail.com,S@R@_m0r@l3S,4771990000,1991-10-02,Mujer,1
66,Daniel,Santos,daniel.santos@gmail.com,d@n13L_S@nT0Z,4791812345,1985-07-15,Hombre,1
67,Ana Paula,García,anapaula.garcia@gmail.com,@n@P@uL@,4771678901,1997-04-28,Mujer,1
68,Diego,Contreras,diego.contreras@gmail.com,D13g0_c0Ntr3R@S,4791567890,1981-01-10,Hombre,1
69,Luciana,Ortega,luciana.ortega@gmail.com,lUC14N@_0Rt3g@,4771234567,1992-10-23,Mujer,1
70,Francisco,Juárez,francisco.juarez@gmail.com,fr@nc1sc0_ju@R3Z,4791789456,1984-08-16,Hombre,1
71,Valeria,Vázquez,valeria.vazquez@gmail.com,v@l3Ri@_V@zQu3Z,4771765432,1995-05-09,Mujer,1
72,Manuel,Sánchez,manuel.sanchez@gmail.com,m@Nu3L_S@nCh3z,4791678901,1989-02-01,Hombre,1
73,Victoria,Hernández,victoria.hernandez@gmail.com,V1Ct0Ri@_h3Rn@nD3Z,4771567890,1996-11-14,Mujer,1
74,Juan Carlos,Moreno,juancarlos.moreno@gmail.com,Ju@nc@Rl0_M0r3N0,4791911111,1980-06-27,Hombre,1
75,María Fernanda,Pineda,mariafernanda.pineda@gmail.com,maRi@f3Rn@nd@,4771990000,1991-03-20,Mujer,1
76,Jorge,Castillo,jorge.castillo@gmail.com,J0Rg3_c@St1llo,4791812345,1986-12-03,Hombre,1
77,Isabella,Flores,isabella.flores@gmail.com,1s@b3ll@_FL0r3S,4771678901,1993-09-16,Mujer,1
78,Alejandro,Gutiérrez,alejandro.gutierrez@gmail.com,Al3j@NdR0_GuT13rr3Z,4791567890,1987-06-29,Hombre,1
79,Fernanda,Santiago,fernanda.santiago@gmail.com,F3rn@nD@_S@nt14g0,4771234567,1996-04-12,Mujer,1
80,Rodrigo,Rivera,rodrigo.rivera@gmail.com,R0dr1G0_r1V3rA,4791789456,1981-01-25,Hombre,1
81,Valentina,Mendoza,valentina.mendoza@gmail.com,v@L3NtiN@_m3ND0z@,4771678901,1995-10-08,Mujer,1
82,Carlos,Aguilar,carlos.aguilar@gmail.com,c@rl0s_@guil@R,4791567890,1983-07-21,Hombre,1
83,Daniela,Vega,daniela.vega@gmail.com,d@n13l@_v3g@,4771234567,1992-04-04,Mujer,1
84,José Luis,Sánchez,joseluis.sanchez@gmail.com,j0s3LuiS_S@NCh3z,4791789456,1988-11-17,Hombre,1
85,María José,Pérez,mariajose.perez@gmail.com,m@rIa_j05e_p3r3z,4771678901,1997-08-30,Mujer,1
86,Luisa,Contreras,luisa.contreras@gmail.com,Lu1S@_c0nTr3r4Z,4791567890,1982-05-13,Hombre,1
87,Roberto,Herrera,roberto.herrera@gmail.com,Rob3rt0_H3rr3r@,4771234567,1991-02-26,Hombre,1
88,Ana Sofía,Ramírez,anasofia.ramirez@gmail.com,4n@_s0f14_r@m1r3Z,4791789456,1985-12-09,Mujer,1
89,Juan Pablo,Gómez,juanpablo.gomez@gmail.com,Ju@n_P@bl0_G0m3z,4771678901,1990-09-22,Hombre,1
90,María Fernanda,Juárez,mariafernanda.juarez@gmail.com,m@R14_f3rn@nd@_jU@R3Z,4791567890,1986-06-05,Mujer,1
91,Jorge,López,jorge.lopez@gmail.com,J0rg3_L0p3Z,4771234567,1995-03-18,Hombre,1
92,Isabella,Romero,isabella.romero@gmail.com,1s@B3ll@_r0m3r0,4791789456,1981-12-01,Mujer,1
93,Alejandro,Torres,alejandro.torres@gmail.com,4l3j@NdR0_t0rr3z,4771678901,1990-09-14,Hombre,1
94,Ana Sofía,Vázquez,anasofia.vazquez@gmail.com,@n@_S0F14_V@ZqU3Z,4791567890,1986-06-27,Mujer,1
95,Rodrigo,Sánchez,rodrigo.sanchez@gmail.com,R0DR1G0_S@nCh3Z,4771234567,1991-03-20,Hombre,1
96,Valentina,García,valentina.garcia@gmail.com,V@L3Nt1N@_G@RcI@,4791789456,1985-11-03,Mujer,1
97,Diego,Martínez,diego.martinez@gmail.com,d13G0_m@Rt1N3z,4771678901,1990-08-16,Hombre,1
98,Sofía,Hernández,sofia.hernandez@gmail.com,s0f1@_h3rN@nd3Z,4791567890,1986-05-30,Mujer,1
99,José Antonio,Rodríguez,joseantonio.rodriguez@gmail.com,j0s3_@nT0n10_R0dRiGu3Z,4771234567,1991-02-12,Hombre,1
100,Ana Laura,Romero,analaura.romero@gmail.com,@N@_l@UR@_r0M3r0,4791789456,1985-11-25,Mujer,1
101,Andrés,Sánchez,andres.sanchez@gmail.com,@Ndr3S_s@Nch3z,4771678901,1990-09-08,Hombre,1
102,María José,Martínez,mariajose.martinez@gmail.com,m@rIA_j053_m@rT1n3z,4791567890,1986-06-21,Mujer,1
103,Carlos,Díaz,carlos.diaz@gmail.com,C@rl0S_D14Z,4771234567,1991-03-04,Hombre,1
104,Diana,Hernández,diana.hernandez@gmail.com,d1@n@_H3rn@nd3z,4791789456,1985-10-17,Mujer,1
105,Antonio,Gómez,antonio.gomez@gmail.com,@nT0N10_G0m3Z,4771678901,1990-07-30,Hombre,1
106,Sofía,Flores,sofia.flores@gmail.com,s0fI@_fl0r3S,4791567890,1986-05-13,Mujer,1
107,Julián,Romero,julian.romero@gmail.com,JUl14N_r0M3R0,4771234567,1991-02-26,Hombre,1
108,Daniela,Martínez,daniela.martinez@gmail.com,d@nI3L@_M@rt1n3z,4791789456,1985-11-09,Mujer,1
109,Pablo,Rodríguez,pablo.rodriguez@gmail.com,P@BL0_r0Dr1Gu3z,4771678901,1990-08-22,Hombre,1
110,Valentina,Sánchez,valentina.sanchez@gmail.com,V@l3Nt1N@_S@nCh3z,4791567890,1986-06-05,Mujer,1
111,Diego,González,diego.gonzalez@gmail.com,d13G0_g0Nz@l3Z,4771234567,1991-03-18,Hombre,1
112,María José,Pérez,mariajose.perez@gmail.com,m@rIA_J05e_P3r3z,4791789456,1985-11-01,Mujer,1
113,Luisa,Hernández,luisa.hernandez@gmail.com,lUlS@_H3rN@Nd3Z,4771678901,1990-08-14,Mujer,1
114,Roberto,Gómez,roberto.gomez@gmail.com,r0B3rT0_G0m3Z,4791567890,1986-05-28,Hombre,1
115,Ana Sofía,Ramírez,anasofia.ramirez@gmail.com,4N@_S0fIA_R@M1r3Z,4771234567,1991-03-11,Mujer,1
116,Juan Pablo,García,juanpablo.garcia@gmail.com,jU@n_P@bl0_G@rcI@,4791789456,1985-10-24,Hombre,1
117,María Fernanda,Pérez,mariafernanda.perez@gmail.com,m@rIA_f3rn@nd@_P3r3z,4771678901,1990-07-07,Mujer,1
118,Jorge,Martínez,jorge.martinez@gmail.com,j0rG3_m@rt1N3z,4791567890,1986-04-20,Hombre,1
119,Isabella,Rodríguez,isabella.rodriguez@gmail.com,1s@b3lL@_r0Dr1Gu3z,4771234567,1991-02-03,Mujer,1
120,Alejandro,Sánchez,alejandro.sanchez@gmail.com,4l3J@ndR0_S@nCh3z,4791789456,1985-11-16,Hombre,1
121,Ana Laura,Jiménez,analaura.jimenez@gmail.com,4N@L4ur@_j1m3n3z,4771678901,1990-08-30,Mujer,1
122,Rodrigo,Hernández,rodrigo.hernandez@gmail.com,R0dr1G0_H3rn@nD3Z,4791567890,1986-06-13,Hombre,1
123,Valentina,Martínez,valentina.martinez@gmail.com,v@l3Nt1n@_m@rT1N3Z,4771234567,1991-03-26,Mujer,1
124,Carlos,Sánchez,carlos.sanchez@gmail.com,c@rl0S_S@nCh3z,4791789456,1985-11-09,Hombre,1
125,Diana,Gómez,diana.gomez@gmail.com,d1@N@_g0M3Z,4771678901,1990-08-22,Mujer,1
126,Antonio,Rodríguez,antonio.rodriguez@gmail.com,@nT0N10_r0DR1Gu3Z,4791567890,1986-06-05,Hombre,1
127,Sofía,Hernández,sofia.hernandez@gmail.com,s0f1@_h3RN@nd3Z,4771234567,1991-02-18,Mujer,1
128,Julián,Gómez,julian.gomez@gmail.com,jUL14n_g0M3Z,4791789456,1985-11-03,Hombre,1
129,Daniela,Rodríguez,daniela.rodriguez@gmail.com,D@n13l@_r0DR1Gu3Z,4771678901,1990-08-16,Mujer,1
130,Pablo,Sánchez,pablo.sanchez@gmail.com,P@Bl0_S@nCh3Z,4791567890,1986-05-30,Hombre,1
131,Valentina,Gómez,valentina.gomez@gmail.com,V@l3nT1n@_G0m3Z,4771234567,1991-03-14,Mujer,1
132,Diego,Rodríguez,diego.rodriguez@gmail.com,d13G0_r0dR1gu3z,4791789456,1985-10-27,Hombre,1
133,María José,Sánchez,mariajose.sanchez@gmail.com,m@rIA_J05E_s@nCh3Z,4771678901,1990-07-10,Mujer,1
134,Luisa,Gómez,luisa.gomez@gmail.com,Lu1S@_g0M3Z,4791567890,1986-04-23,Hombre,1
135,Roberto,Rodríguez,roberto.rodriguez@gmail.com,r0B3Rt0_r0DR1gU3Z,4771234567,1991-02-06,Hombre,1
136,Ana Sofía,Sánchez,anasofia.sanchez@gmail.com,@n@s0fI@_S@NCh3Z,4791789456,1985-11-20,Mujer,1
137,Juan Pablo,Gómez,juanpablo.gomez@gmail.com,Ju@n_P@Bl0_G0M3Z,4771678901,1990-08-03,Hombre,1
138,María Fernanda,Rodríguez,mariafernanda.rodriguez@gmail.com,m@rIA_f3rN@nd@_r0DR1gu3Z,4791567890,1986-06-16,Mujer,1
139,Jorge,Sánchez,jorge.sanchez@gmail.com,j0rg3_S@nCh3Z,4771234567,1991-03-01,Hombre,1
140,Isabella,Gómez,isabella.gomez@gmail.com,1s@B3lL@_g0M3Z,4791789456,1985-10-14,Mujer,1
141,Alejandro,Rodríguez,alejandro.rodriguez@gmail.com,4L3J@NdR0_r0dR1Gu3Z,4771678901,1990-07-27,Hombre,1
142,Ana Laura,Sánchez,analaura.sanchez@gmail.com,4n@_l@ur@_S@NCh3Z,4791567890,1986-04-10,Mujer,1
143,Rodrigo,Gómez,rodrigo.gomez@gmail.com,r0dr1g0_g0M3Z,4771234567,1991-01-24,Hombre,1
144,Valentina,Rodríguez,valentina.rodriguez@gmail.com,V@l3nT1n@_r0dR1gU3Z,4791789456,1985-10-07,Mujer,1
145,Carlos,Hernández,carlos.hernandez@gmail.com,c@RL0s_h3rN@ND3Z,4771678901,1990-07-20,Hombre,1
146,Diana,Gómez,diana.gomez@gmail.com,D1@N@_G0m3Z,4791567890,1986-04-03,Mujer,1
147,Antonio,Rodríguez,antonio.rodriguez@gmail.com,@NT0N10_r0dr1Gu3Z,4771234567,1991-01-17,Hombre,1
148,Sofía,Hernández,sofia.hernandez@gmail.com,S0F1@_H3rn@nd3Z,4791789456,1985-09-30,Mujer,1
149,Julián,Gómez,julian.gomez@gmail.com,JUL14N_g0M3Z,4771678901,1990-06-12,Hombre,1
150,Daniela,Rodríguez,daniela.rodriguez@gmail.com,d@nI3L@_r0dR1gU3Z,4791567890,1986-03-27,Mujer,1